-,http://data.linkedevents.org/event/5e124145-4d73-41ca-9010-51f38dc52a62,http://data.linkedevents.org/event/006dc982-15ed-47c3-bf6a-a141095a5850,1.0
-,http://data.linkedevents.org/event/c6278db0-707d-3682-9a11-7763eff61ae1,http://data.linkedevents.org/event/1e9a3cdb-314c-38f4-b252-28d15bdfd1f5,1.0
-,http://data.linkedevents.org/event/8ebe5d69-ea99-38fe-a7cc-f390b05df20c,http://data.linkedevents.org/event/291543e5-b693-30c2-a307-dbff1f5e1a69,1.0
+,http://data.linkedevents.org/event/d9a5443d-6854-3008-9dbc-494988c6cfc0,http://data.linkedevents.org/event/3291403f-b2e4-3ad5-921c-696786b29017,1.0
-,http://data.linkedevents.org/event/e4149da8-a561-33ce-85ff-2144d9812e56,http://data.linkedevents.org/event/0c535021-a34c-3bc6-8224-545d850815b2,1.0
-,http://data.linkedevents.org/event/07f166e6-acb4-3ebc-b2bb-59345bf2291f,http://data.linkedevents.org/event/0935cfe8-c1d5-3c2a-996a-5bc6fbbaacf5,1.0
-,http://data.linkedevents.org/event/eb388428-5791-36e3-bfd7-d2ebe0cdfeea,http://data.linkedevents.org/event/213aa245-77ad-302e-9cb9-afe6b82e5f36,1.0
-,http://data.linkedevents.org/event/07f166e6-acb4-3ebc-b2bb-59345bf2291f,http://data.linkedevents.org/event/dab6c6a9-5307-3ed2-ba6b-1833bcb37b16,1.0
-,http://data.linkedevents.org/event/4f412eaf-2a08-3678-b6c1-4e8d2652e042,http://data.linkedevents.org/event/9f9f93f4-3e37-3f88-b4f8-7b45a3742348,1.0
+,http://data.linkedevents.org/event/4e918c20-b5fc-3e12-b6aa-dddc65ddea18,http://data.linkedevents.org/event/1bc18a77-3d0d-314e-ba62-1618f564dfde,1.0
-,http://data.linkedevents.org/event/0c535021-a34c-3bc6-8224-545d850815b2,http://data.linkedevents.org/event/135e9825-f5e1-37a1-8a97-12cedfd139ea,1.0
-,http://data.linkedevents.org/event/31badb34-6557-396b-b358-141a0000ceeb,http://data.linkedevents.org/event/4761dc10-0fec-37b7-a965-9e30c6ca3972,1.0
+,http://data.linkedevents.org/event/535eca33-7621-365d-b00d-13644448416f,http://data.linkedevents.org/event/e34c6c3b-b4f2-36d6-b357-fd195930599f,1.0
+,http://data.linkedevents.org/event/8ba662bb-a676-4409-b7ae-ebe0e9e5cffd,http://data.linkedevents.org/event/1d620925-89f5-44fa-8a39-21423f647428,1.0
+,http://data.linkedevents.org/event/17a72983-aabc-34e7-a10d-afccaae7193d,http://data.linkedevents.org/event/39ed55f4-7421-386e-b19b-65463bcf0575,1.0
-,http://data.linkedevents.org/event/b1ea520a-9a8c-35b7-b56f-f16fae02fd66,http://data.linkedevents.org/event/b2af74c2-d6fd-3756-bd5b-dfe7c2cc630d,1.0
-,http://data.linkedevents.org/event/2c59344b-527c-3bf2-9399-103c5afd0c27,http://data.linkedevents.org/event/f492803c-15ab-352f-a1c2-f7c230390b27,1.0
-,http://data.linkedevents.org/event/346f4c18-8c3b-310f-ba62-40267f4cafd1,http://data.linkedevents.org/event/0caabaae-0719-3019-bff8-e40c6d8a2146,1.0
-,http://data.linkedevents.org/event/5c09985b-398a-338c-9a02-1a5dd49a6374,http://data.linkedevents.org/event/1cbefe47-8873-3b66-8b30-e12ca3122442,1.0
-,http://data.linkedevents.org/event/c4aa7260-2b92-3466-86d2-a9c51174a664,http://data.linkedevents.org/event/8af80fe6-cf08-3751-a872-d0f5b9ad8a4a,1.0
-,http://data.linkedevents.org/event/ad0a40d3-529d-312a-af0f-c98de806b93b,http://data.linkedevents.org/event/0190ca6e-c44e-3290-858e-a95a60509d05,1.0
-,http://data.linkedevents.org/event/d2a22e97-eed9-356a-9541-ccc2964561bd,http://data.linkedevents.org/event/291543e5-b693-30c2-a307-dbff1f5e1a69,1.0
-,http://data.linkedevents.org/event/7f25d70f-8000-396c-9da1-369ef73748fa,http://data.linkedevents.org/event/2c6c3c7a-80ec-3383-9a01-97ab56123cbc,1.0
+,http://data.linkedevents.org/event/1b20b02e-dd4c-3db7-9caf-1422050ef4b7,http://data.linkedevents.org/event/0718d282-9223-3b2e-b9ec-148dcc9f37e5,1.0
-,http://data.linkedevents.org/event/6be84734-4a6d-37fd-bc0c-a5964108f2e8,http://data.linkedevents.org/event/53ca1bb1-41af-3f28-948a-b502c8e82995,1.0
-,http://data.linkedevents.org/event/842864cd-fc6d-31c4-a54d-aa38463d4152,http://data.linkedevents.org/event/07a64fe3-d45e-36df-8144-d501babe715d,1.0
-,http://data.linkedevents.org/event/b9dbb8bb-6534-3853-adaf-6ab1c04947ff,http://data.linkedevents.org/event/4e693ccc-eb31-347c-bc89-462650495061,1.0
+,http://data.linkedevents.org/event/10641b91-ea6a-3381-84e1-e4ff097f93d3,http://data.linkedevents.org/event/9cb79c31-f6ca-30e2-b83f-06ebc7c49ef9,1.0
-,http://data.linkedevents.org/event/f18c410d-122b-3778-b2c8-576e03d8b4f6,http://data.linkedevents.org/event/2e8d73f7-800b-381c-a484-2fe3247e799e,1.0
+,http://data.linkedevents.org/event/03b982c3-7cde-3ddb-ac06-c3abb0006958,http://data.linkedevents.org/event/47a354c0-4ac2-3ef2-8318-9a9b1d572034,1.0
-,http://data.linkedevents.org/event/0a63dffe-5753-313b-8fe5-982a9de6e769,http://data.linkedevents.org/event/432fa741-d66a-36c4-a1b4-7b79f1f03103,1.0
+,http://data.linkedevents.org/event/b3d90d81-2349-3374-a05b-7481074fa01a,http://data.linkedevents.org/event/9b412c2c-30de-3a9c-a9dc-b20ea413b584,1.0
-,http://data.linkedevents.org/event/8f7113e1-de5e-379b-a053-593ef1060f50,http://data.linkedevents.org/event/0990c60d-4c04-37bf-8199-830e1c05c79a,1.0
-,http://data.linkedevents.org/event/3b692f7c-0493-3e1c-a34f-e1944635978b,http://data.linkedevents.org/event/6f471b9b-d6a6-3e6a-be6c-6c3b7d09c74d,1.0
-,http://data.linkedevents.org/event/4971c0a3-f75f-31af-b62e-ef241a9634c4,http://data.linkedevents.org/event/52d77b8e-c704-34f4-a9dc-ffe867eee444,1.0
+,http://data.linkedevents.org/event/d6f9bc7b-5929-38a1-aa6d-2185558bf374,http://data.linkedevents.org/event/1fa9951a-965d-3648-9671-bac12c58416f,1.0
-,http://data.linkedevents.org/event/07a64fe3-d45e-36df-8144-d501babe715d,http://data.linkedevents.org/event/01814631-8555-322e-8269-5d22fc265450,1.0
-,http://data.linkedevents.org/event/5d18983f-d561-3e1e-935f-faaa70d7ce47,http://data.linkedevents.org/event/3ef0fea2-a419-31e4-ac89-3c0e95a2e212,1.0
-,http://data.linkedevents.org/event/a59e3063-e0a4-399f-9301-fcf1d6f9aa93,http://data.linkedevents.org/event/53ca1bb1-41af-3f28-948a-b502c8e82995,1.0
-,http://data.linkedevents.org/event/75601e63-bb19-3e49-af3e-07c62119aca5,http://data.linkedevents.org/event/0caabaae-0719-3019-bff8-e40c6d8a2146,1.0
-,http://data.linkedevents.org/event/619a3509-b3a1-3220-ad50-12a4ccdef7ea,http://data.linkedevents.org/event/b421a6bc-6d24-3a17-9144-661a475bc4dd,1.0
+,http://data.linkedevents.org/event/86ade88b-a9b6-3f0a-b4ef-d191c892f8bd,http://data.linkedevents.org/event/0544872d-97ef-35b4-afc7-9ecccc88a44f,1.0
-,http://data.linkedevents.org/event/2722f7e5-0992-3e15-8c61-f998efb4b20f,http://data.linkedevents.org/event/e8fa7e6d-0fe9-3673-9210-113178940441,1.0
-,http://data.linkedevents.org/event/89f85c93-9087-39a3-8def-316a7465a651,http://data.linkedevents.org/event/1cbefe47-8873-3b66-8b30-e12ca3122442,1.0
+,http://data.linkedevents.org/event/2d7fc0df-8108-310a-bd4d-852dbb5493f5,http://data.linkedevents.org/event/236a2fec-8dbf-3988-a969-f11c7e9bc3f1,1.0
-,http://data.linkedevents.org/event/5e124145-4d73-41ca-9010-51f38dc52a62,http://data.linkedevents.org/event/006dc982-15ed-47c3-bf6a-a141095a5850,1.0
+,http://data.linkedevents.org/event/f9bae8c5-16cc-3d33-b73e-e11e66548f80,http://data.linkedevents.org/event/6604a388-3e5a-3337-9358-5d3145310422,1.0
-,http://data.linkedevents.org/event/0eb285d0-b393-35d9-84a8-fca071072345,http://data.linkedevents.org/event/4d0fb488-04e8-3f22-8e43-b64eebd6f2d2,1.0
-,http://data.linkedevents.org/event/761e27e3-b364-4e11-aaef-a3abc4057237,http://data.linkedevents.org/event/006dc982-15ed-47c3-bf6a-a141095a5850,1.0
-,http://data.linkedevents.org/event/1cbefe47-8873-3b66-8b30-e12ca3122442,http://data.linkedevents.org/event/40c44c06-bc22-3a26-a2a3-4b22651d1828,1.0
-,http://data.linkedevents.org/event/f08c84a3-00a0-44f5-83d3-9945c835c850,http://data.linkedevents.org/event/006dc982-15ed-47c3-bf6a-a141095a5850,1.0
-,http://data.linkedevents.org/event/67e44683-9b84-3890-b99c-5a359d957b41,http://data.linkedevents.org/event/1feddf17-a30a-3242-a704-79a690bbff23,1.0
-,http://data.linkedevents.org/event/7ead212f-980e-3b29-bb19-60f28f79f2f5,http://data.linkedevents.org/event/1193b336-7b60-3b0d-bce4-841b869d9a59,1.0
-,http://data.linkedevents.org/event/e47ef74b-36d7-4f8e-a4b4-2e0960c97daf,http://data.linkedevents.org/event/27ff122e-990e-45db-98e2-63bd61a17ea6,1.0
-,http://data.linkedevents.org/event/6e5cc95c-9139-364b-8916-8e75b6dea094,http://data.linkedevents.org/event/38e646f6-e195-35ae-ad81-788be2463eed,1.0
-,http://data.linkedevents.org/event/5664dbbc-f937-3a97-93d6-479116710f17,http://data.linkedevents.org/event/07a64fe3-d45e-36df-8144-d501babe715d,1.0
-,http://data.linkedevents.org/event/72f4da6e-ecde-3fcd-88f7-805e5965950e,http://data.linkedevents.org/event/fbcbe8b0-7e13-3242-ad3f-8bb15cb3413c,1.0
-,http://data.linkedevents.org/event/e4e366da-5829-37df-9b15-8708452b80c3,http://data.linkedevents.org/event/0990c60d-4c04-37bf-8199-830e1c05c79a,1.0
-,http://data.linkedevents.org/event/c990bfd8-38cd-3f2b-bd8e-4ff8430ae198,http://data.linkedevents.org/event/3ef0fea2-a419-31e4-ac89-3c0e95a2e212,1.0
-,http://data.linkedevents.org/event/3291403f-b2e4-3ad5-921c-696786b29017,http://data.linkedevents.org/event/41510a7b-5ec8-3fc9-b9fd-374e1e16fa5c,1.0
-,http://data.linkedevents.org/event/6cafbc73-36e8-3e8d-9b64-104ee0e48f33,http://data.linkedevents.org/event/04a12a05-7c99-3df8-bdd2-9c7011f25292,1.0
-,http://data.linkedevents.org/event/e4149da8-a561-33ce-85ff-2144d9812e56,http://data.linkedevents.org/event/4f412eaf-2a08-3678-b6c1-4e8d2652e042,1.0
+,http://data.linkedevents.org/event/b0d4f52d-4c06-3f21-bfd0-08e3b4dc86fd,http://data.linkedevents.org/event/dced28ab-52d1-3c3e-b92b-a19510e6a433,1.0
-,http://data.linkedevents.org/event/d04c3c68-1af0-393c-8e21-f2ad1f3aa6f7,http://data.linkedevents.org/event/f1c1aab3-1399-3e43-b0e5-c5c0561a0cba,1.0
-,http://data.linkedevents.org/event/89f85c93-9087-39a3-8def-316a7465a651,http://data.linkedevents.org/event/40c44c06-bc22-3a26-a2a3-4b22651d1828,1.0
-,http://data.linkedevents.org/event/874223a1-e415-352b-83c6-326c5b8e0b78,http://data.linkedevents.org/event/78eb44ea-2322-3f3d-b34a-7b298e030985,1.0
+,http://data.linkedevents.org/event/254c0810-433c-3e34-b73a-ba3d7727f4e9,http://data.linkedevents.org/event/1a61d264-6fb4-3afe-9d0f-4e0f0f09b4ce,1.0
-,http://data.linkedevents.org/event/aaf53d3a-2170-3ee7-bfe1-f4b2aa2df3fc,http://data.linkedevents.org/event/f8d77f48-08a0-3827-8fa6-8d228e4c42ad,1.0
+,http://data.linkedevents.org/event/28241937-f976-3aa3-8e64-36f4b7935b7d,http://data.linkedevents.org/event/b193c94f-df4b-34ad-bab5-827d156967d7,1.0
+,http://data.linkedevents.org/event/3551acb5-ec22-3517-8168-2f2232adf849,http://data.linkedevents.org/event/aad24128-63e8-326f-899a-cc9c3be3f6e5,1.0
-,http://data.linkedevents.org/event/53685676-efde-3ac5-aafc-d621ce0cdb88,http://data.linkedevents.org/event/5d417ecb-95b9-3b29-ba04-aa39a88116fe,1.0
-,http://data.linkedevents.org/event/aabefb15-549e-3786-95a4-5486a293d060,http://data.linkedevents.org/event/400ecb0a-3145-3809-a058-4c51c6585f21,1.0
-,http://data.linkedevents.org/event/1cbefe47-8873-3b66-8b30-e12ca3122442,http://data.linkedevents.org/event/69b71a4f-b621-3da6-9d5c-73cc0484dc6f,1.0
-,http://data.linkedevents.org/event/a379db98-01ef-32fe-836d-6d2fb21e7419,http://data.linkedevents.org/event/259c6258-ba8a-3d5d-b8df-1455aa86d02f,1.0
+,http://data.linkedevents.org/event/687304dc-a10b-39f3-9daf-96a1b5ea8953,http://data.linkedevents.org/event/7c353ff5-2a14-3ab3-88a8-a33692bb03de,1.0
-,http://data.linkedevents.org/event/1193b336-7b60-3b0d-bce4-841b869d9a59,http://data.linkedevents.org/event/1bcfeca7-95b6-3353-b74f-cdbdf4ac9e47,1.0
-,http://data.linkedevents.org/event/bc3ad60c-03df-3b69-8063-79efc0dae859,http://data.linkedevents.org/event/057cf420-2731-301f-9ada-15fbd1ce1451,1.0
+,http://data.linkedevents.org/event/93b810aa-592e-3d53-8d7b-f65dd38d6737,http://data.linkedevents.org/event/6aa62cb7-005a-32a3-8cde-507241356c72,1.0
-,http://data.linkedevents.org/event/882b8fa9-9309-3abe-9f2a-41f35b2374e4,http://data.linkedevents.org/event/236a2fec-8dbf-3988-a969-f11c7e9bc3f1,1.0
-,http://data.linkedevents.org/event/3d4f18ca-1677-3c79-99a0-ae76c7f57a93,http://data.linkedevents.org/event/5be16f01-6fea-3052-95b5-db9da78aaaae,1.0
-,http://data.linkedevents.org/event/af7668b1-9430-3d4e-8ecf-0859789841b7,http://data.linkedevents.org/event/dcda67fb-2458-37bb-8d93-ffba518cd6e3,1.0
-,http://data.linkedevents.org/event/86ade88b-a9b6-3f0a-b4ef-d191c892f8bd,http://data.linkedevents.org/event/291543e5-b693-30c2-a307-dbff1f5e1a69,1.0
-,http://data.linkedevents.org/event/1207535d-6a48-395a-b719-6329c04c2d57,http://data.linkedevents.org/event/2a6ef594-c1da-3a4d-8f2b-e57eaa4c920a,1.0
-,http://data.linkedevents.org/event/135e9825-f5e1-37a1-8a97-12cedfd139ea,http://data.linkedevents.org/event/c6278db0-707d-3682-9a11-7763eff61ae1,1.0
-,http://data.linkedevents.org/event/b91515e5-6bc4-3937-b87d-b222ff3fd902,http://data.linkedevents.org/event/214788eb-07b9-3cf4-aafe-697d79cc5065,1.0
-,http://data.linkedevents.org/event/22e7156f-036a-39a9-856f-945bc6efcac0,http://data.linkedevents.org/event/0990c60d-4c04-37bf-8199-830e1c05c79a,1.0
-,http://data.linkedevents.org/event/b455b997-174d-3b6c-a568-9971ede04f95,http://data.linkedevents.org/event/7ef4aa6f-2884-37a7-af46-57dd534630fd,1.0
-,http://data.linkedevents.org/event/71ff11fc-a2f2-387a-8d8c-4aecf5e41df9,http://data.linkedevents.org/event/07a64fe3-d45e-36df-8144-d501babe715d,1.0
-,http://data.linkedevents.org/event/e9838375-0013-3f2c-a767-baaeeb0deb2d,http://data.linkedevents.org/event/a0203d7f-7232-32ef-be5a-5c78b5e51e97,1.0
-,http://data.linkedevents.org/event/f6a05901-654f-3c51-a308-88bcaa156adc,http://data.linkedevents.org/event/39ed55f4-7421-386e-b19b-65463bcf0575,1.0
-,http://data.linkedevents.org/event/1770c082-d5b8-367f-8ed2-547614f9b432,http://data.linkedevents.org/event/0d3f62d0-d28f-3365-8f6d-541b831538f1,1.0
-,http://data.linkedevents.org/event/3d11a2d6-71c3-337b-987f-45d990c8ac7c,http://data.linkedevents.org/event/5e6cec59-46e1-36e0-b60a-bb95adeba44b,1.0
-,http://data.linkedevents.org/event/45a2058a-0a32-3e43-9a6d-56d4c9943176,http://data.linkedevents.org/event/24808d23-8591-3a27-bee0-b04e56dd02b8,1.0
-,http://data.linkedevents.org/event/0c535021-a34c-3bc6-8224-545d850815b2,http://data.linkedevents.org/event/9f9f93f4-3e37-3f88-b4f8-7b45a3742348,1.0
-,http://data.linkedevents.org/event/0807323d-3cd2-3ef4-a9fb-b4381fe780f4,http://data.linkedevents.org/event/8d6ef533-8fc2-3e2e-9ab3-59764367f784,1.0
-,http://data.linkedevents.org/event/a84cf8ba-206f-34d7-8600-7d12f3f8d1f5,http://data.linkedevents.org/event/53685676-efde-3ac5-aafc-d621ce0cdb88,1.0
+,http://data.linkedevents.org/event/f7d65bd3-1df9-3e8d-bb90-a6a20732f121,http://data.linkedevents.org/event/936192f0-571f-3476-8bf0-08de0bb2a325,1.0
-,http://data.linkedevents.org/event/394c08ca-d388-3ac4-b946-728e3f78b702,http://data.linkedevents.org/event/783f67f1-8e1a-317e-8b04-dc9d933520dd,1.0
-,http://data.linkedevents.org/event/8d948e25-d9ad-3cea-a6c9-a30df9b1b4a9,http://data.linkedevents.org/event/6612aaec-6bbb-3a7f-ad45-89f3f589c31c,1.0
-,http://data.linkedevents.org/event/fb93df3c-a92f-37b6-996e-f50f876029ef,http://data.linkedevents.org/event/6ef16405-6b3b-3ce3-8c03-e6f41ff2ea19,1.0
-,http://data.linkedevents.org/event/bdf558de-ca1d-30d1-a145-20460e24e8ea,http://data.linkedevents.org/event/3f3e7b00-11dd-3d77-af50-2d4fc306c8c8,1.0
-,http://data.linkedevents.org/event/218e10c7-3ff4-3452-bce9-d3779eb1bd54,http://data.linkedevents.org/event/1f1a265f-962e-31fb-b2e1-0f5395b4ea58,1.0
-,http://data.linkedevents.org/event/907ecdfa-518c-35bc-9dc5-62fa048347ae,http://data.linkedevents.org/event/41ece985-ad81-3b80-848d-37a69eaa9e73,1.0
-,http://data.linkedevents.org/event/011c57d1-70ba-3c4c-8838-4eb00439ccef,http://data.linkedevents.org/event/236a2fec-8dbf-3988-a969-f11c7e9bc3f1,1.0
-,http://data.linkedevents.org/event/6be84734-4a6d-37fd-bc0c-a5964108f2e8,http://data.linkedevents.org/event/a09f2cbb-1228-3b51-ab19-1c5ba05a10aa,1.0
-,http://data.linkedevents.org/event/c2afa05e-c249-38fc-8378-d767d9182a16,http://data.linkedevents.org/event/1f1a265f-962e-31fb-b2e1-0f5395b4ea58,1.0
-,http://data.linkedevents.org/event/d093bf49-c6a9-49f2-b7cb-1a6b4912237b,http://data.linkedevents.org/event/34380fb1-3f7c-454a-9a69-6688990f6988,1.0
-,http://data.linkedevents.org/event/4060b16a-ded2-3d5d-9c33-f9cdd19f4ff4,http://data.linkedevents.org/event/67a2345e-d286-3c27-bba5-f7826683972d,1.0
-,http://data.linkedevents.org/event/58daca4c-c762-31ab-ac71-1181dcb313c1,http://data.linkedevents.org/event/394c08ca-d388-3ac4-b946-728e3f78b702,1.0
-,http://data.linkedevents.org/event/a83619f8-01fc-3d2f-a0b2-8e168d296ee4,http://data.linkedevents.org/event/67a2345e-d286-3c27-bba5-f7826683972d,1.0
-,http://data.linkedevents.org/event/9f1ebd59-97d3-3c1f-8b1f-fad610983e38,http://data.linkedevents.org/event/07bb4ffb-df4a-3cee-bfaf-4f05d9ee85de,1.0
-,http://data.linkedevents.org/event/46f7e1ea-2137-35dd-b698-e62f2d821a87,http://data.linkedevents.org/event/9f9f93f4-3e37-3f88-b4f8-7b45a3742348,1.0
+,http://data.linkedevents.org/event/8eab4f2b-4f9b-335b-bb4c-6bcbd7733b45,http://data.linkedevents.org/event/28241937-f976-3aa3-8e64-36f4b7935b7d,1.0
-,http://data.linkedevents.org/event/dd589eb0-b891-3af0-80ac-673fd1e9c4f9,http://data.linkedevents.org/event/236a2fec-8dbf-3988-a969-f11c7e9bc3f1,1.0
+,http://data.linkedevents.org/event/1400e3d4-0d34-3f46-b849-5d7bd296ef45,http://data.linkedevents.org/event/41ece985-ad81-3b80-848d-37a69eaa9e73,1.0
-,http://data.linkedevents.org/event/9b2dfce0-5548-3602-a7b7-7ff7ab5b44a8,http://data.linkedevents.org/event/236a2fec-8dbf-3988-a969-f11c7e9bc3f1,1.0
-,http://data.linkedevents.org/event/fab2e3a1-b743-36fe-80f1-0920df104412,http://data.linkedevents.org/event/1cbefe47-8873-3b66-8b30-e12ca3122442,1.0
+,http://data.linkedevents.org/event/e998dcd4-3f38-31cc-b3e7-5ba158472b59,http://data.linkedevents.org/event/7784706b-341c-35af-918d-34cd3258f932,1.0
-,http://data.linkedevents.org/event/cbe93705-2607-304d-9037-bd9ab26b94ab,http://data.linkedevents.org/event/e8fa7e6d-0fe9-3673-9210-113178940441,1.0
-,http://data.linkedevents.org/event/783ba16b-0ca7-3a74-aadd-204c56d93bbd,http://data.linkedevents.org/event/236a2fec-8dbf-3988-a969-f11c7e9bc3f1,1.0
-,http://data.linkedevents.org/event/3828d5b9-ed2d-311c-b326-d4b120c51ef9,http://data.linkedevents.org/event/e8fa7e6d-0fe9-3673-9210-113178940441,1.0
-,http://data.linkedevents.org/event/f07c86e9-7824-39ca-af92-90bf0a43b370,http://data.linkedevents.org/event/8c7b35b5-9f12-3cbd-ad2d-eca23527e404,1.0
-,http://data.linkedevents.org/event/cd4abde8-0f17-328a-a7a7-a19861fdf717,http://data.linkedevents.org/event/2aff8d8b-5f09-39e7-8e94-b8b8b0be2672,1.0
+,http://data.linkedevents.org/event/fba9d1dc-f144-32a5-93e3-b9f9126a2b25,http://data.linkedevents.org/event/5f0c7e89-51c7-36da-ad3c-8847708a314c,1.0
+,http://data.linkedevents.org/event/aad24128-63e8-326f-899a-cc9c3be3f6e5,http://data.linkedevents.org/event/b8b169db-2575-3013-8db0-53b0b694e0b8,1.0
+,http://data.linkedevents.org/event/3e352095-eee5-4bab-828e-6d62193db8c2,http://data.linkedevents.org/event/120b22b2-953c-459c-8593-f8a151175892,1.0
+,http://data.linkedevents.org/event/cf3e9261-d900-44be-ba73-2ee781672928,http://data.linkedevents.org/event/092ae58d-eb03-4660-939c-1209cc562a7a,1.0
+,http://data.linkedevents.org/event/a10e578d-d828-49e7-a917-7e62f0ef8562,http://data.linkedevents.org/event/27ff122e-990e-45db-98e2-63bd61a17ea6,1.0
+,http://data.linkedevents.org/event/327d5daa-5006-4754-ba4a-54ac68a6b44c,http://data.linkedevents.org/event/27ff122e-990e-45db-98e2-63bd61a17ea6,1.0
+,http://data.linkedevents.org/event/e47ef74b-36d7-4f8e-a4b4-2e0960c97daf,http://data.linkedevents.org/event/327d5daa-5006-4754-ba4a-54ac68a6b44c,1.0
+,http://data.linkedevents.org/event/de600958-83d4-3255-866b-51d7f5f5fd38,http://data.linkedevents.org/event/aad24128-63e8-326f-899a-cc9c3be3f6e5,1.0
+,http://data.linkedevents.org/event/8f9a246c-2c12-4e72-9054-d79b11ff79c4,http://data.linkedevents.org/event/0f317ec3-52bd-47f8-ad2b-2de6777026ce,1.0
+,http://data.linkedevents.org/event/979c1b47-0766-3783-86bd-d7e46bf3b1bd,http://data.linkedevents.org/event/de600958-83d4-3255-866b-51d7f5f5fd38,1.0
+,http://data.linkedevents.org/event/3e4ddacd-cd05-328d-b1bd-3a9938f911c5,http://data.linkedevents.org/event/02a4e37c-4786-3368-b778-8af8332a6f7c,1.0
+,http://data.linkedevents.org/event/cefc0f80-4c9f-32d0-99e1-d59bd091376e,http://data.linkedevents.org/event/33c83d8a-d537-34c1-9743-a9d71135da82,1.0
+,http://data.linkedevents.org/event/43c74fda-7580-41b2-b7e4-b43e99803859,http://data.linkedevents.org/event/092ae58d-eb03-4660-939c-1209cc562a7a,1.0
+,http://data.linkedevents.org/event/f6fb2eca-cff8-32f6-b4ef-2a8eeedfcd23,http://data.linkedevents.org/event/85afa0c1-e421-342e-9410-c90234177737,1.0
+,http://data.linkedevents.org/event/7256a763-bdcf-34d9-bc91-db5d7c0799a7,http://data.linkedevents.org/event/28241937-f976-3aa3-8e64-36f4b7935b7d,1.0
+,http://data.linkedevents.org/event/79c63527-0b03-3657-addc-6697b0268dd7,http://data.linkedevents.org/event/ba070fbf-f694-3cb8-9648-fceda9f17fb5,1.0
-,http://data.linkedevents.org/event/fb30ffe4-d2af-35e3-8cc2-e1c7974dcc2a,http://data.linkedevents.org/event/0c535021-a34c-3bc6-8224-545d850815b2,1.0
-,http://data.linkedevents.org/event/092ae58d-eb03-4660-939c-1209cc562a7a,http://data.linkedevents.org/event/120b22b2-953c-459c-8593-f8a151175892,1.0
+,http://data.linkedevents.org/event/88fd9d24-07bb-3950-baf3-afdd32684d2e,http://data.linkedevents.org/event/46f7e1ea-2137-35dd-b698-e62f2d821a87,1.0
+,http://data.linkedevents.org/event/3551acb5-ec22-3517-8168-2f2232adf849,http://data.linkedevents.org/event/de600958-83d4-3255-866b-51d7f5f5fd38,1.0
-,http://data.linkedevents.org/event/3c316d13-0cc4-3794-8f49-06073ed6dfeb,http://data.linkedevents.org/event/86ade88b-a9b6-3f0a-b4ef-d191c892f8bd,1.0
-,http://data.linkedevents.org/event/13ad94ad-17ee-3958-9318-9b7a19a6fd53,http://data.linkedevents.org/event/0fcd3064-0b62-3dba-8a94-a69572c2ed53,1.0
-,http://data.linkedevents.org/event/6de212d2-40d1-339e-969f-7ceb9bee7625,http://data.linkedevents.org/event/291543e5-b693-30c2-a307-dbff1f5e1a69,1.0
-,http://data.linkedevents.org/event/fe3e5e87-ecd4-385a-a9c4-25e5e89c27c2,http://data.linkedevents.org/event/78042ee7-a0f8-350f-920d-776246bea695,1.0
-,http://data.linkedevents.org/event/2e99a8ec-1c7a-3954-889c-1348e4f6f7e1,http://data.linkedevents.org/event/619a3509-b3a1-3220-ad50-12a4ccdef7ea,1.0
-,http://data.linkedevents.org/event/f4d115d5-36bc-336b-b1e7-6bfb328b7421,http://data.linkedevents.org/event/14b67957-200c-34a0-8a57-d77294f11318,1.0
-,http://data.linkedevents.org/event/1cd7c5e1-58fc-3ad3-98ca-aaee04665c7b,http://data.linkedevents.org/event/9f51cb6e-bfe6-3fbf-a508-a4a2f16c7ffa,1.0
-,http://data.linkedevents.org/event/ca4dcfca-8c8b-3c40-9c8b-48b0ef0b434f,http://data.linkedevents.org/event/07bb4ffb-df4a-3cee-bfaf-4f05d9ee85de,1.0
-,http://data.linkedevents.org/event/9edb1e3f-a464-307e-846a-77f478f5450b,http://data.linkedevents.org/event/e4221e1e-c8df-32bd-8a30-695535ee91ab,1.0
-,http://data.linkedevents.org/event/b3b5e82f-ecb3-3aba-8012-d4eff9c85175,http://data.linkedevents.org/event/0c535021-a34c-3bc6-8224-545d850815b2,1.0
-,http://data.linkedevents.org/event/236a2fec-8dbf-3988-a969-f11c7e9bc3f1,http://data.linkedevents.org/event/213aa245-77ad-302e-9cb9-afe6b82e5f36,1.0
-,http://data.linkedevents.org/event/31cb8dce-d8bb-3275-9cc5-c04d551df6b6,http://data.linkedevents.org/event/3d956b54-432a-36fd-861f-8d56668b2d43,1.0
-,http://data.linkedevents.org/event/5c3f6e83-01db-42d1-8898-04e82c1bd667,http://data.linkedevents.org/event/0f317ec3-52bd-47f8-ad2b-2de6777026ce,1.0
+,http://data.linkedevents.org/event/0b168283-e5cc-3337-a04a-045ee74ac161,http://data.linkedevents.org/event/6ffe65a3-9f83-37df-aa1a-de33b4da888e,1.0
-,http://data.linkedevents.org/event/80daf5b3-03c7-3b44-9a7e-97d9089e5d4b,http://data.linkedevents.org/event/0c535021-a34c-3bc6-8224-545d850815b2,1.0
+,http://data.linkedevents.org/event/86ade88b-a9b6-3f0a-b4ef-d191c892f8bd,http://data.linkedevents.org/event/41ece985-ad81-3b80-848d-37a69eaa9e73,1.0
-,http://data.linkedevents.org/event/9517d6b6-b68a-3785-a4cf-75373d9305a5,http://data.linkedevents.org/event/0c535021-a34c-3bc6-8224-545d850815b2,1.0
-,http://data.linkedevents.org/event/46e5a20b-b6cd-3e29-a51c-54eeeb800031,http://data.linkedevents.org/event/0c535021-a34c-3bc6-8224-545d850815b2,1.0
+,http://data.linkedevents.org/event/400768a7-24d6-352d-beff-fce159a58c82,http://data.linkedevents.org/event/236a2fec-8dbf-3988-a969-f11c7e9bc3f1,1.0
-,http://data.linkedevents.org/event/f2adc616-8973-352d-a957-35ae70e8afce,http://data.linkedevents.org/event/64892bf1-8fc1-3a3f-8bdd-721801a39031,1.0
-,http://data.linkedevents.org/event/60056b05-f8f8-3b9f-a4c3-4c80e262ed85,http://data.linkedevents.org/event/0fcd3064-0b62-3dba-8a94-a69572c2ed53,1.0
-,http://data.linkedevents.org/event/1d620925-89f5-44fa-8a39-21423f647428,http://data.linkedevents.org/event/34380fb1-3f7c-454a-9a69-6688990f6988,1.0
-,http://data.linkedevents.org/event/e719f7b9-fc15-4916-b61c-b089b9733a71,http://data.linkedevents.org/event/0f317ec3-52bd-47f8-ad2b-2de6777026ce,1.0
-,http://data.linkedevents.org/event/63b2e1b4-6e7d-3d07-8074-a2d1995006bc,http://data.linkedevents.org/event/24808d23-8591-3a27-bee0-b04e56dd02b8,1.0
+,http://data.linkedevents.org/event/b4ea672c-33fd-3e4e-a5e2-0551310f8054,http://data.linkedevents.org/event/4c239db4-bff2-380b-b547-f46ccd63dae7,1.0
-,http://data.linkedevents.org/event/70715b5c-0e78-3e3f-b193-a3e48a72e0f0,http://data.linkedevents.org/event/7383b9cf-9402-3c2a-aae8-7bc410e3bdbd,1.0
-,http://data.linkedevents.org/event/f81eaff5-6b2e-322f-bfff-ff15f3518291,http://data.linkedevents.org/event/0fcd3064-0b62-3dba-8a94-a69572c2ed53,1.0
-,http://data.linkedevents.org/event/0caabaae-0719-3019-bff8-e40c6d8a2146,http://data.linkedevents.org/event/27e94c50-f8bd-378f-8fe2-daa565ed0a45,1.0
-,http://data.linkedevents.org/event/eaff0690-a769-3348-b492-52d55bd7019f,http://data.linkedevents.org/event/0fcd3064-0b62-3dba-8a94-a69572c2ed53,1.0
-,http://data.linkedevents.org/event/3e5eb026-3f4e-31c6-8340-55783c4013cf,http://data.linkedevents.org/event/67a2345e-d286-3c27-bba5-f7826683972d,1.0
-,http://data.linkedevents.org/event/6f471b9b-d6a6-3e6a-be6c-6c3b7d09c74d,http://data.linkedevents.org/event/cb7663c6-6e97-31c9-a55b-30002bee8f5b,1.0
-,http://data.linkedevents.org/event/12c8effd-cd79-3500-9f1a-22dfe421c0fa,http://data.linkedevents.org/event/e8fa7e6d-0fe9-3673-9210-113178940441,1.0
+,http://data.linkedevents.org/event/9e3ce98f-b945-3e00-8e09-22b262cb265d,http://data.linkedevents.org/event/8917d272-7b86-3097-875e-a0a2bfb8c6a1,1.0
-,http://data.linkedevents.org/event/fd47dc4a-b0e0-375f-8aa8-877908f5b092,http://data.linkedevents.org/event/0fcd3064-0b62-3dba-8a94-a69572c2ed53,1.0
-,http://data.linkedevents.org/event/6481968f-fded-3295-b232-ecbef13dc8d2,http://data.linkedevents.org/event/e8fa7e6d-0fe9-3673-9210-113178940441,1.0
-,http://data.linkedevents.org/event/b93f5a80-911d-3b18-827c-9528b3ecb0a7,http://data.linkedevents.org/event/0eb285d0-b393-35d9-84a8-fca071072345,1.0
-,http://data.linkedevents.org/event/1b7c2942-5809-3e3e-92ef-677e0e66318d,http://data.linkedevents.org/event/500d183d-dd78-3a72-8d5f-db10ebc7fff6,1.0
-,http://data.linkedevents.org/event/01814631-8555-322e-8269-5d22fc265450,http://data.linkedevents.org/event/1083211d-3bd1-3166-9452-e2df4fc7fc45,1.0
-,http://data.linkedevents.org/event/bbf4ff50-4c23-3766-841a-097b9d2659ef,http://data.linkedevents.org/event/0fcd3064-0b62-3dba-8a94-a69572c2ed53,1.0
-,http://data.linkedevents.org/event/0070a5d2-8fcf-37b7-8fab-cd0cb8823fe8,http://data.linkedevents.org/event/3291403f-b2e4-3ad5-921c-696786b29017,1.0
+,http://data.linkedevents.org/event/6d4f009b-168b-3f4b-8d47-c7ff6cce5148,http://data.linkedevents.org/event/27753081-bef3-3b90-8a92-1a6afef2a4be,1.0
+,http://data.linkedevents.org/event/f42b0a3d-2085-3a04-8fe4-678f1c78d9ad,http://data.linkedevents.org/event/2e99a8ec-1c7a-3954-889c-1348e4f6f7e1,1.0
+,http://data.linkedevents.org/event/72c9f95b-0251-45ef-a653-2d4d00aa64e6,http://data.linkedevents.org/event/1d620925-89f5-44fa-8a39-21423f647428,1.0
-,http://data.linkedevents.org/event/fb17544c-4240-3a98-8416-eef2d3dd6f75,http://data.linkedevents.org/event/e8fa7e6d-0fe9-3673-9210-113178940441,1.0
-,http://data.linkedevents.org/event/7329ab7e-9dd6-3fba-b721-2af6aec7c57c,http://data.linkedevents.org/event/9e92b0a7-e0a0-3187-82c2-9d459a5a5d5c,1.0
+,http://data.linkedevents.org/event/517bff8d-f9f6-39b8-ab5c-323126d652f9,http://data.linkedevents.org/event/73dd8009-7428-3f9d-b80f-4f92df8ab922,1.0
-,http://data.linkedevents.org/event/3d214963-13f2-34b5-87d0-3e304dcf8767,http://data.linkedevents.org/event/404ce33b-f827-3144-aa5d-c73d07dd1a63,1.0
-,http://data.linkedevents.org/event/f295fb12-64a8-3a4d-8596-fa6ba0747716,http://data.linkedevents.org/event/4971c0a3-f75f-31af-b62e-ef241a9634c4,1.0
-,http://data.linkedevents.org/event/42e383fd-526d-3984-a408-b7348362b32a,http://data.linkedevents.org/event/27753081-bef3-3b90-8a92-1a6afef2a4be,1.0
-,http://data.linkedevents.org/event/6f949fc0-97ef-36b3-be31-453b23beec82,http://data.linkedevents.org/event/1aa298a3-8dd6-36aa-aa9c-af93595f9899,1.0
-,http://data.linkedevents.org/event/12b6642e-985b-3945-8316-62670d23e126,http://data.linkedevents.org/event/53ca1bb1-41af-3f28-948a-b502c8e82995,1.0
-,http://data.linkedevents.org/event/4f412eaf-2a08-3678-b6c1-4e8d2652e042,http://data.linkedevents.org/event/135e9825-f5e1-37a1-8a97-12cedfd139ea,1.0
-,http://data.linkedevents.org/event/c8c0d9f7-36a7-3538-b2d2-c1c0d421aea1,http://data.linkedevents.org/event/214788eb-07b9-3cf4-aafe-697d79cc5065,1.0
-,http://data.linkedevents.org/event/573c5151-b148-32d8-b8b7-69d68407ade2,http://data.linkedevents.org/event/08fe41f0-e6ae-35e3-a9cb-98a700ae7142,1.0
+,http://data.linkedevents.org/event/87b78b3f-9732-31d5-aa94-e8569b971443,http://data.linkedevents.org/event/1fa9951a-965d-3648-9671-bac12c58416f,1.0
+,http://data.linkedevents.org/event/dca0399e-0382-3c23-9a69-8aebb634a56f,http://data.linkedevents.org/event/2c6c3c7a-80ec-3383-9a01-97ab56123cbc,1.0
+,http://data.linkedevents.org/event/41510a7b-5ec8-3fc9-b9fd-374e1e16fa5c,http://data.linkedevents.org/event/d18f6ed6-6a61-32f7-ac82-354fd178f41b,1.0
+,http://data.linkedevents.org/event/bcc03c01-4ae1-3fde-8aa2-c3f4dfd9fcba,http://data.linkedevents.org/event/6aa62cb7-005a-32a3-8cde-507241356c72,1.0
-,http://data.linkedevents.org/event/b4751e2d-be04-36f5-a3f6-ebb86d077442,http://data.linkedevents.org/event/0990c60d-4c04-37bf-8199-830e1c05c79a,1.0
+,http://data.linkedevents.org/event/268e6da9-f650-3b03-bee7-af2c23e47dd3,http://data.linkedevents.org/event/b1bf5bbd-cab0-3e52-96f3-da07eba2290e,1.0
-,http://data.linkedevents.org/event/dde9498d-3b40-3eb9-b02f-112363695749,http://data.linkedevents.org/event/c2848543-1179-3ea1-a957-9e57df33cd43,1.0
+,http://data.linkedevents.org/event/8319dabf-f829-349b-8aec-79c4685a1298,http://data.linkedevents.org/event/e59d02e8-d28d-3b0d-ba1f-690a0ab57fcc,1.0
-,http://data.linkedevents.org/event/49a2b95b-123a-3fdc-80b4-556e811f4fe3,http://data.linkedevents.org/event/124734d9-1820-3d28-8f27-31c2460aa78c,1.0
-,http://data.linkedevents.org/event/cc869e9c-9a58-33bd-a6ad-ec595ab2b051,http://data.linkedevents.org/event/4971c0a3-f75f-31af-b62e-ef241a9634c4,1.0
-,http://data.linkedevents.org/event/d2eee319-2941-3f4c-9b2b-bc52f4a363c9,http://data.linkedevents.org/event/38e646f6-e195-35ae-ad81-788be2463eed,1.0
+,http://data.linkedevents.org/event/11ad353a-965f-3518-9875-60355aaba3c9,http://data.linkedevents.org/event/1aa298a3-8dd6-36aa-aa9c-af93595f9899,1.0
-,http://data.linkedevents.org/event/25cfbae2-7880-3afe-997d-c5e4738945b2,http://data.linkedevents.org/event/8e515aed-b602-32e4-8224-06894020e808,1.0
-,http://data.linkedevents.org/event/2fe6ab4e-e338-37ff-8947-1f7cc017bd28,http://data.linkedevents.org/event/0fcd3064-0b62-3dba-8a94-a69572c2ed53,1.0
-,http://data.linkedevents.org/event/b3d3e2d0-0f2e-3cab-9e7c-9354b9c2ae5c,http://data.linkedevents.org/event/c6e2c719-0a83-3b51-a219-c2b36bc26346,1.0
-,http://data.linkedevents.org/event/a3065420-61e8-3fc0-86a6-4236ca28aa54,http://data.linkedevents.org/event/04a12a05-7c99-3df8-bdd2-9c7011f25292,1.0
-,http://data.linkedevents.org/event/bdf558de-ca1d-30d1-a145-20460e24e8ea,http://data.linkedevents.org/event/5fa5c846-64c0-3a73-88bc-bfee6b22385f,1.0
-,http://data.linkedevents.org/event/7f073f8f-6895-3609-80fd-749f8a905401,http://data.linkedevents.org/event/a0203d7f-7232-32ef-be5a-5c78b5e51e97,1.0
-,http://data.linkedevents.org/event/90c285f2-f0f1-33e1-a2a3-cf95a2378c56,http://data.linkedevents.org/event/f700e35e-99b1-348e-a5d0-fc41c8690064,1.0
-,http://data.linkedevents.org/event/5c45d547-d5a0-3938-bfdb-74f33dcc6da9,http://data.linkedevents.org/event/6ad61875-b8e8-3cc8-9e58-53082eb7a642,1.0
-,http://data.linkedevents.org/event/f7561411-15c1-3dcd-82bb-9fe59609d854,http://data.linkedevents.org/event/9a2d012a-6cbe-3a36-a43e-2c74d287de5d,1.0
-,http://data.linkedevents.org/event/39368f10-c527-3643-ba30-9ae558cef0d3,http://data.linkedevents.org/event/4da18dd2-5c7f-3aa3-bec6-3d0bef54d65d,1.0
-,http://data.linkedevents.org/event/c27821b2-8472-388f-8f6e-ef29acd2509c,http://data.linkedevents.org/event/3e3c5924-2333-34df-a02c-6e0157fbf6c0,1.0
-,http://data.linkedevents.org/event/204c3e49-6c78-3e66-b8b7-80b5c92ec318,http://data.linkedevents.org/event/4c68b45d-b9d4-3042-9db7-ef6e3c2ed079,1.0
-,http://data.linkedevents.org/event/62e41940-6f65-3523-b889-08a1006ce93e,http://data.linkedevents.org/event/0eb285d0-b393-35d9-84a8-fca071072345,1.0
-,http://data.linkedevents.org/event/9d66575b-2060-387c-8e61-ba3e9723a339,http://data.linkedevents.org/event/2d605453-1da0-3366-8239-fcb4476a9815,1.0
+,http://data.linkedevents.org/event/c1cf3392-c04a-3ec2-975d-4c4d8a2c47b6,http://data.linkedevents.org/event/8843c136-62d0-3f68-abe0-477082dd460b,1.0
-,http://data.linkedevents.org/event/4a632024-54c7-3d25-a341-45ba7d44b26c,http://data.linkedevents.org/event/38b9efa6-9a05-3948-80ea-f94a5a3bc23f,1.0
+,http://data.linkedevents.org/event/399366e1-895a-381c-9d46-4209840f87b5,http://data.linkedevents.org/event/f48fc39d-4cdb-3a5c-8576-1b40169da4a5,1.0
+,http://data.linkedevents.org/event/ded32857-477d-32d5-903d-6cff37af9eb1,http://data.linkedevents.org/event/72def8ff-4af1-3467-b5ae-537aa57fb6de,1.0
+,http://data.linkedevents.org/event/1e2b8edf-3576-3132-b68a-dfd3817797ec,http://data.linkedevents.org/event/162bd640-9000-33eb-8511-36b1cddd5c15,1.0
+,http://data.linkedevents.org/event/fd9810c9-8337-3c91-855c-f6f8e96bf59c,http://data.linkedevents.org/event/85afa0c1-e421-342e-9410-c90234177737,1.0
+,http://data.linkedevents.org/event/b3125925-fa1b-3a28-a0b4-c7293648c08a,http://data.linkedevents.org/event/a8f61960-be8a-3fc2-9469-ce92844730f5,1.0
-,http://data.linkedevents.org/event/c327e8da-37de-3b8b-a515-f38bcb12fa73,http://data.linkedevents.org/event/e8fa7e6d-0fe9-3673-9210-113178940441,1.0
+,http://data.linkedevents.org/event/606b9837-f30e-3bd9-a8cb-3c080cffec3d,http://data.linkedevents.org/event/c5d91551-d677-37ce-b98e-d244b3d6d645,1.0
+,http://data.linkedevents.org/event/b59fa8de-ff7b-31f4-9738-90086aba77f5,http://data.linkedevents.org/event/232df1b3-41e5-35ba-bbf4-43da1dad3f4f,1.0
+,http://data.linkedevents.org/event/d5ad0c38-a3bf-3bb8-9e99-b9724ff35a76,http://data.linkedevents.org/event/77936747-caf3-3782-ae1d-da070206addc,1.0
-,http://data.linkedevents.org/event/cb7369ee-cc9e-365d-997b-f7bae6de5f5f,http://data.linkedevents.org/event/5ada0152-e6c4-31c9-9118-3c4472fd799f,1.0
-,http://data.linkedevents.org/event/0d3f62d0-d28f-3365-8f6d-541b831538f1,http://data.linkedevents.org/event/a435c71c-bbe5-34f7-a4aa-fea708641b11,1.0
-,http://data.linkedevents.org/event/72def8ff-4af1-3467-b5ae-537aa57fb6de,http://data.linkedevents.org/event/47122dad-b3bd-3ea7-b322-1b6038129d20,1.0
+,http://data.linkedevents.org/event/1e3d5b76-7155-3869-9f32-255fb79de706,http://data.linkedevents.org/event/607321d6-9a5e-336d-9072-fe5946bb5076,1.0
-,http://data.linkedevents.org/event/9ce3496f-da48-37a5-8ee7-2333beb06e13,http://data.linkedevents.org/event/213aa245-77ad-302e-9cb9-afe6b82e5f36,1.0
+,http://data.linkedevents.org/event/46d99714-e4bd-3ad4-afdc-c1dc823fdd99,http://data.linkedevents.org/event/3b054061-969f-3c7b-940f-065a717a66b5,1.0
+,http://data.linkedevents.org/event/5ae52527-2daf-3ded-af6b-f5b7ec81cd69,http://data.linkedevents.org/event/1feddf17-a30a-3242-a704-79a690bbff23,1.0
-,http://data.linkedevents.org/event/88d61a0c-0d4a-3108-aa0f-d46b9e2abeb4,http://data.linkedevents.org/event/61905b32-3fc0-3d36-b1e0-b55228e34568,1.0
+,http://data.linkedevents.org/event/3c247ab8-1075-3178-b7d1-27a97a038f20,http://data.linkedevents.org/event/71d65457-fa1b-36e1-9226-1d52708351f3,1.0
-,http://data.linkedevents.org/event/c6278db0-707d-3682-9a11-7763eff61ae1,http://data.linkedevents.org/event/0c535021-a34c-3bc6-8224-545d850815b2,1.0
-,http://data.linkedevents.org/event/94960aa7-436d-32eb-b3de-a2bb9963eb86,http://data.linkedevents.org/event/38e646f6-e195-35ae-ad81-788be2463eed,1.0
-,http://data.linkedevents.org/event/813096bf-4716-3874-829e-449feb79d5ae,http://data.linkedevents.org/event/b70b393f-268c-3e56-9319-910e322710c1,1.0
-,http://data.linkedevents.org/event/5f125504-8132-3355-a682-1aa093a89585,http://data.linkedevents.org/event/01814631-8555-322e-8269-5d22fc265450,1.0
-,http://data.linkedevents.org/event/e0c6e8e0-ead8-3cf3-bdfb-9f54f51f4f25,http://data.linkedevents.org/event/b9dbb8bb-6534-3853-adaf-6ab1c04947ff,1.0
-,http://data.linkedevents.org/event/1c9daeb6-b3b2-3133-ae16-43e16e802c69,http://data.linkedevents.org/event/01814631-8555-322e-8269-5d22fc265450,1.0
-,http://data.linkedevents.org/event/6f28af0b-4180-3b95-8201-a9e1274f9e11,http://data.linkedevents.org/event/4aa646df-4926-3dcf-bc8b-76b370d9ee94,1.0
-,http://data.linkedevents.org/event/cbe93705-2607-304d-9037-bd9ab26b94ab,http://data.linkedevents.org/event/1f07e596-5ad7-3324-946b-8e82a5a44a8d,1.0
-,http://data.linkedevents.org/event/d1106253-41f9-38b1-9b36-d28b788c2f1e,http://data.linkedevents.org/event/07a64fe3-d45e-36df-8144-d501babe715d,1.0
-,http://data.linkedevents.org/event/39ee3fca-6906-38fc-88af-b37748ba458a,http://data.linkedevents.org/event/01814631-8555-322e-8269-5d22fc265450,1.0
+,http://data.linkedevents.org/event/514b6b95-a3dd-3ac6-a318-500946a0132d,http://data.linkedevents.org/event/27ba42cf-8b82-36dd-a134-16752c270db5,1.0
-,http://data.linkedevents.org/event/d5907f2e-3463-3bed-b148-9558299ee130,http://data.linkedevents.org/event/b9dbb8bb-6534-3853-adaf-6ab1c04947ff,1.0
-,http://data.linkedevents.org/event/71126c57-261b-3dca-accd-33681f6116dc,http://data.linkedevents.org/event/213aa245-77ad-302e-9cb9-afe6b82e5f36,1.0
-,http://data.linkedevents.org/event/62add23b-9271-3ff4-8a00-74d77c2fd62f,http://data.linkedevents.org/event/14b67957-200c-34a0-8a57-d77294f11318,1.0
-,http://data.linkedevents.org/event/69da1f43-c0fb-317a-866c-86daa6523ae5,http://data.linkedevents.org/event/f2adc616-8973-352d-a957-35ae70e8afce,1.0
+,http://data.linkedevents.org/event/383d8e4a-5932-326b-b31e-f817b4f120a1,http://data.linkedevents.org/event/47122dad-b3bd-3ea7-b322-1b6038129d20,1.0
+,http://data.linkedevents.org/event/02ab97f8-f52e-3014-9986-3dcb9a60908e,http://data.linkedevents.org/event/71d65457-fa1b-36e1-9226-1d52708351f3,1.0
-,http://data.linkedevents.org/event/5085d9e1-8f82-3395-8299-470fd9472585,http://data.linkedevents.org/event/0caabaae-0719-3019-bff8-e40c6d8a2146,1.0
-,http://data.linkedevents.org/event/a1df9e4a-ed52-3060-afdb-60684e96f3be,http://data.linkedevents.org/event/0eb285d0-b393-35d9-84a8-fca071072345,1.0
-,http://data.linkedevents.org/event/e7b973f5-0f51-304c-814a-e79d91bb2ac4,http://data.linkedevents.org/event/1cbefe47-8873-3b66-8b30-e12ca3122442,1.0
-,http://data.linkedevents.org/event/3e339433-3c5c-38b6-96d7-0e2ba7edc55f,http://data.linkedevents.org/event/4971c0a3-f75f-31af-b62e-ef241a9634c4,1.0
-,http://data.linkedevents.org/event/f21606f0-c3b3-374c-be07-2e2642c15e8b,http://data.linkedevents.org/event/5a2d1f30-ca84-35d3-869a-1b2fdc02cf82,1.0
-,http://data.linkedevents.org/event/73dd8009-7428-3f9d-b80f-4f92df8ab922,http://data.linkedevents.org/event/8843c136-62d0-3f68-abe0-477082dd460b,1.0
+,http://data.linkedevents.org/event/0a7a8cdc-b1ae-3167-980d-b3b34bc6d56b,http://data.linkedevents.org/event/a8f61960-be8a-3fc2-9469-ce92844730f5,1.0
+,http://data.linkedevents.org/event/93c95c2c-1a21-3f5a-b0cd-9339047c48ea,http://data.linkedevents.org/event/b50f94b0-bc58-38fd-a4cb-71dea501ce5d,1.0
+,http://data.linkedevents.org/event/f0666469-4f6e-33db-a0da-73829e49a9e4,http://data.linkedevents.org/event/47abcad4-0867-34a1-bc80-142b4164d747,1.0
+,http://data.linkedevents.org/event/506bf74b-b366-3b45-8c99-f0f009f9e927,http://data.linkedevents.org/event/c33c5fa7-6196-3170-838c-25d2edf17cb1,1.0
+,http://data.linkedevents.org/event/5c91853e-99c7-3684-9e88-b13f1ed3cef6,http://data.linkedevents.org/event/232df1b3-41e5-35ba-bbf4-43da1dad3f4f,1.0
+,http://data.linkedevents.org/event/01a935ee-e988-3fdd-9b37-4a30bf225ec7,http://data.linkedevents.org/event/200e3e9e-b058-3e08-8bcc-94d3e9a7d041,1.0
+,http://data.linkedevents.org/event/291543e5-b693-30c2-a307-dbff1f5e1a69,http://data.linkedevents.org/event/4822671f-0966-3b8f-a8e5-c68085ff5abb,1.0
-,http://data.linkedevents.org/event/6032ca7b-d473-3ac7-946c-9b9b33d0c217,http://data.linkedevents.org/event/10ef2378-70fb-31eb-8c2c-ccb8520c47d5,1.0
-,http://data.linkedevents.org/event/b5f207cd-14aa-3d25-8ebf-15c89d3fde91,http://data.linkedevents.org/event/07a64fe3-d45e-36df-8144-d501babe715d,1.0
-,http://data.linkedevents.org/event/9afe58b0-db23-3f39-bc41-7633c9a100f1,http://data.linkedevents.org/event/0718d282-9223-3b2e-b9ec-148dcc9f37e5,1.0
-,http://data.linkedevents.org/event/e78fa188-6c3d-352b-9836-9870fe5bc5d4,http://data.linkedevents.org/event/4971c0a3-f75f-31af-b62e-ef241a9634c4,1.0
-,http://data.linkedevents.org/event/5c7e2d60-49d7-3a62-8fff-6b3e3de3bd5b,http://data.linkedevents.org/event/0eb285d0-b393-35d9-84a8-fca071072345,1.0
+,http://data.linkedevents.org/event/7969ab36-7dd6-3ed6-822a-91b9555f1433,http://data.linkedevents.org/event/e34c6c3b-b4f2-36d6-b357-fd195930599f,1.0
-,http://data.linkedevents.org/event/1bcfeca7-95b6-3353-b74f-cdbdf4ac9e47,http://data.linkedevents.org/event/7ead212f-980e-3b29-bb19-60f28f79f2f5,1.0
-,http://data.linkedevents.org/event/b2bc2aa6-7ede-38fa-9b4f-0e2f1bdc0f77,http://data.linkedevents.org/event/53ca1bb1-41af-3f28-948a-b502c8e82995,1.0
+,http://data.linkedevents.org/event/ce6af9c8-0df2-3d2d-8632-f5b32712184b,http://data.linkedevents.org/event/650f481d-0852-346a-8f13-b5d1929388fe,1.0
+,http://data.linkedevents.org/event/93b810aa-592e-3d53-8d7b-f65dd38d6737,http://data.linkedevents.org/event/bcc03c01-4ae1-3fde-8aa2-c3f4dfd9fcba,1.0
+,http://data.linkedevents.org/event/3ab25010-07a0-34ab-a51f-00760eacdfeb,http://data.linkedevents.org/event/4aa646df-4926-3dcf-bc8b-76b370d9ee94,1.0
-,http://data.linkedevents.org/event/5a2d1f30-ca84-35d3-869a-1b2fdc02cf82,http://data.linkedevents.org/event/0eb285d0-b393-35d9-84a8-fca071072345,1.0
-,http://data.linkedevents.org/event/801c7a08-84ed-30fe-8bb0-08465723ee4f,http://data.linkedevents.org/event/4aa646df-4926-3dcf-bc8b-76b370d9ee94,1.0
-,http://data.linkedevents.org/event/59cf84f3-f8c7-3721-97cc-d159f7191f56,http://data.linkedevents.org/event/3ef0fea2-a419-31e4-ac89-3c0e95a2e212,1.0
+,http://data.linkedevents.org/event/936e02db-3935-3cac-bfdf-452862520811,http://data.linkedevents.org/event/70c595a2-5bad-3617-9124-6936b35f2a19,1.0
-,http://data.linkedevents.org/event/a59e3063-e0a4-399f-9301-fcf1d6f9aa93,http://data.linkedevents.org/event/b2bc2aa6-7ede-38fa-9b4f-0e2f1bdc0f77,1.0
-,http://data.linkedevents.org/event/5f50a69c-1a4b-3f45-a639-4cdfe0f5965f,http://data.linkedevents.org/event/650f481d-0852-346a-8f13-b5d1929388fe,1.0
-,http://data.linkedevents.org/event/0482f46e-39b1-363d-964c-5a9f23a26a87,http://data.linkedevents.org/event/1b7c2942-5809-3e3e-92ef-677e0e66318d,1.0
-,http://data.linkedevents.org/event/aab8d2f5-b0ee-3c2e-871c-47e47cbb44db,http://data.linkedevents.org/event/07a64fe3-d45e-36df-8144-d501babe715d,1.0
-,http://data.linkedevents.org/event/cdfc4b6b-5244-3427-bfb1-84af564b70c7,http://data.linkedevents.org/event/7ead212f-980e-3b29-bb19-60f28f79f2f5,1.0
-,http://data.linkedevents.org/event/9e320899-ad4f-300b-8254-f49f2035f565,http://data.linkedevents.org/event/da39b23c-b099-3b4e-8719-ff1aaa5cbc96,1.0
-,http://data.linkedevents.org/event/35df6e9d-8d17-380f-943e-e0502fb2600e,http://data.linkedevents.org/event/01814631-8555-322e-8269-5d22fc265450,1.0
-,http://data.linkedevents.org/event/3dfb99cf-fec2-3e38-89db-31188b088cad,http://data.linkedevents.org/event/1b7c2942-5809-3e3e-92ef-677e0e66318d,1.0
-,http://data.linkedevents.org/event/56f270dc-5ea6-36b6-bd69-26d83ee5602d,http://data.linkedevents.org/event/4f64a0dd-cd4e-33e8-8dfc-2cbf8fba10b0,1.0
+,http://data.linkedevents.org/event/6077450a-f3c1-3d4d-ba86-5053c57091e2,http://data.linkedevents.org/event/9b412c2c-30de-3a9c-a9dc-b20ea413b584,1.0
-,http://data.linkedevents.org/event/7f145173-76a1-3f03-98af-08a37cdbec27,http://data.linkedevents.org/event/0679ac5f-3999-3d83-aeed-84518c08a3f1,1.0
+,http://data.linkedevents.org/event/02e09b48-64ba-3467-b912-19e74c3624f7,http://data.linkedevents.org/event/38b9efa6-9a05-3948-80ea-f94a5a3bc23f,1.0
-,http://data.linkedevents.org/event/0aa96e40-0d98-34cb-9729-c48bffbb8f72,http://data.linkedevents.org/event/9bdf6f09-fc5d-3d60-b965-45679da3c8cf,1.0
-,http://data.linkedevents.org/event/4d0fb488-04e8-3f22-8e43-b64eebd6f2d2,http://data.linkedevents.org/event/5a2d1f30-ca84-35d3-869a-1b2fdc02cf82,1.0
-,http://data.linkedevents.org/event/d3588ea1-d9dc-3db2-9076-bcef0faad926,http://data.linkedevents.org/event/6ffe65a3-9f83-37df-aa1a-de33b4da888e,1.0
-,http://data.linkedevents.org/event/eb388428-5791-36e3-bfd7-d2ebe0cdfeea,http://data.linkedevents.org/event/28241937-f976-3aa3-8e64-36f4b7935b7d,1.0
-,http://data.linkedevents.org/event/54c2e87b-01b5-38c1-8590-538e47351827,http://data.linkedevents.org/event/81fea59c-0d09-30bd-a59e-6fad5611fb54,1.0
-,http://data.linkedevents.org/event/f5a501a7-b999-348a-8378-1d5aabb40e39,http://data.linkedevents.org/event/01814631-8555-322e-8269-5d22fc265450,1.0
-,http://data.linkedevents.org/event/8cf4fce5-3820-3350-a426-55096714943a,http://data.linkedevents.org/event/05d2f13f-bba5-399e-bab6-5efb2b14f6d0,1.0
-,http://data.linkedevents.org/event/345f17e5-0454-35df-ac76-294366e7fa82,http://data.linkedevents.org/event/8a011b86-5c61-38e2-b4cd-7fc193295944,1.0
-,http://data.linkedevents.org/event/b1186a20-8b4b-364e-a173-a6fcbf93d708,http://data.linkedevents.org/event/91948689-b97f-31b3-9057-f2437e3822d9,1.0
+,http://data.linkedevents.org/event/8c649c82-50d1-3a74-9917-ea09b2837c98,http://data.linkedevents.org/event/529b7d39-b22f-35be-8ff1-082f5d0fa387,1.0
-,http://data.linkedevents.org/event/13e1835f-9980-3571-ae5c-d01e5a67cc5e,http://data.linkedevents.org/event/48acfded-a332-3d1c-97f6-f1759fc37ddb,1.0
-,http://data.linkedevents.org/event/9b8b755a-83c7-30bb-a998-d3d786f124aa,http://data.linkedevents.org/event/17a72983-aabc-34e7-a10d-afccaae7193d,1.0
-,http://data.linkedevents.org/event/b6fb006d-8586-34e9-b0a0-1c45495323ce,http://data.linkedevents.org/event/683baf02-fe9b-34f7-ba01-8587b0f2d271,1.0
-,http://data.linkedevents.org/event/92296c3f-6e81-312f-985f-6eb4848506c9,http://data.linkedevents.org/event/21f31ee9-51bd-336d-a117-07f4b3e53dde,1.0
-,http://data.linkedevents.org/event/c990bfd8-38cd-3f2b-bd8e-4ff8430ae198,http://data.linkedevents.org/event/59cf84f3-f8c7-3721-97cc-d159f7191f56,1.0
-,http://data.linkedevents.org/event/b93f5a80-911d-3b18-827c-9528b3ecb0a7,http://data.linkedevents.org/event/5a2d1f30-ca84-35d3-869a-1b2fdc02cf82,1.0
-,http://data.linkedevents.org/event/7a63e002-498c-3970-893f-56224bc5eb8f,http://data.linkedevents.org/event/97167e94-f9ff-3705-9ad9-df2a55cb3ed3,1.0
-,http://data.linkedevents.org/event/0a6ff042-5699-3da0-95af-39d114e5140b,http://data.linkedevents.org/event/10ef2378-70fb-31eb-8c2c-ccb8520c47d5,1.0
-,http://data.linkedevents.org/event/c1500782-be23-32e6-9d88-4c9747efa50a,http://data.linkedevents.org/event/13af80db-e005-342a-b4e5-23a0cb89e8f9,1.0
-,http://data.linkedevents.org/event/ced2fa87-6a57-3055-b51a-306482f592db,http://data.linkedevents.org/event/9ad997a4-53b0-3f01-a448-387c2b65f0c8,1.0
-,http://data.linkedevents.org/event/a435c71c-bbe5-34f7-a4aa-fea708641b11,http://data.linkedevents.org/event/1770c082-d5b8-367f-8ed2-547614f9b432,1.0
-,http://data.linkedevents.org/event/7de15c85-ef7c-3632-a9d5-bf89314e09d4,http://data.linkedevents.org/event/60a359cc-96f4-393a-ab81-b73fb9746aad,1.0
+,http://data.linkedevents.org/event/ac85e4fb-55f6-395a-9c35-68b3ea64c4f6,http://data.linkedevents.org/event/b2512e55-6363-347b-bb98-f90b16e3257e,1.0
-,http://data.linkedevents.org/event/236a2fec-8dbf-3988-a969-f11c7e9bc3f1,http://data.linkedevents.org/event/dc4050f4-4ed3-3fbf-ba5f-c6d9d07a65f3,1.0
+,http://data.linkedevents.org/event/f237bbd8-04e1-336e-b07b-d758fec04a70,http://data.linkedevents.org/event/8843c136-62d0-3f68-abe0-477082dd460b,1.0
-,http://data.linkedevents.org/event/62e41940-6f65-3523-b889-08a1006ce93e,http://data.linkedevents.org/event/5a2d1f30-ca84-35d3-869a-1b2fdc02cf82,1.0
-,http://data.linkedevents.org/event/6724c5c9-e833-3cf3-a40e-64292bf66313,http://data.linkedevents.org/event/4f64a0dd-cd4e-33e8-8dfc-2cbf8fba10b0,1.0
-,http://data.linkedevents.org/event/da615cff-305b-3c9a-a01b-8be57a8c8e0e,http://data.linkedevents.org/event/f4672d4d-4c93-3149-86a3-49dcbbbd32c8,1.0
-,http://data.linkedevents.org/event/f5b6cc73-527d-3d31-9d5d-e0620ca79c8d,http://data.linkedevents.org/event/4f64a0dd-cd4e-33e8-8dfc-2cbf8fba10b0,1.0
-,http://data.linkedevents.org/event/c75a23de-4a30-388d-9103-7a9216c55739,http://data.linkedevents.org/event/2e99a8ec-1c7a-3954-889c-1348e4f6f7e1,1.0
-,http://data.linkedevents.org/event/dc4050f4-4ed3-3fbf-ba5f-c6d9d07a65f3,http://data.linkedevents.org/event/28241937-f976-3aa3-8e64-36f4b7935b7d,1.0
+,http://data.linkedevents.org/event/ec1bd6e0-8b1c-38e6-81c9-8e70438b425a,http://data.linkedevents.org/event/19cf80dc-b3ef-3c6d-9712-0dd12c0bfd0b,1.0
-,http://data.linkedevents.org/event/9f61dafe-7dbc-3e70-8666-337887764745,http://data.linkedevents.org/event/0caabaae-0719-3019-bff8-e40c6d8a2146,1.0
-,http://data.linkedevents.org/event/cbe93705-2607-304d-9037-bd9ab26b94ab,http://data.linkedevents.org/event/33298493-095c-35e0-9c1e-21ad5fe2bc38,1.0
-,http://data.linkedevents.org/event/35d7bcd9-a763-3532-ade7-6cd5f34b0722,http://data.linkedevents.org/event/1024b92e-f479-3fe0-bc43-bd702d7fe7b3,1.0
-,http://data.linkedevents.org/event/6be84734-4a6d-37fd-bc0c-a5964108f2e8,http://data.linkedevents.org/event/b2bc2aa6-7ede-38fa-9b4f-0e2f1bdc0f77,1.0
-,http://data.linkedevents.org/event/4780bf9f-330c-3645-8e01-8a6a7168b440,http://data.linkedevents.org/event/1c28e1ab-a44a-30bd-b9ed-be5fbecc45e0,1.0
-,http://data.linkedevents.org/event/3ae4ff29-5286-3fd6-b82e-b8c42e55d16f,http://data.linkedevents.org/event/0ba2f205-3376-3047-8ce4-74c1f1a104e0,1.0
+,http://data.linkedevents.org/event/c31db3a8-42af-3657-9f69-02f17b270e29,http://data.linkedevents.org/event/73dd8009-7428-3f9d-b80f-4f92df8ab922,1.0
-,http://data.linkedevents.org/event/d36ff4d4-c1a2-387b-81e5-e8153f08c0fd,http://data.linkedevents.org/event/232df1b3-41e5-35ba-bbf4-43da1dad3f4f,1.0
-,http://data.linkedevents.org/event/70c88a81-abe7-3960-afa2-da73a6ab7bcb,http://data.linkedevents.org/event/3d214963-13f2-34b5-87d0-3e304dcf8767,1.0
-,http://data.linkedevents.org/event/ea17d5d2-5d4a-3a49-b12a-29e2000705fb,http://data.linkedevents.org/event/3deefa85-c51d-4f44-af04-7cd695891955,1.0
-,http://data.linkedevents.org/event/30a001a4-1e71-3140-acf2-aac485f90298,http://data.linkedevents.org/event/37a11861-a40b-3bf4-b296-0c9d79f98429,1.0
